<?xml version="1.0"?>
<doc>
    <assembly>
        <name>MediaRetentionGuardian</name>
    </assembly>
    <members>
        <member name="T:MediaRetentionGuardian.Configuration.PluginConfiguration">
            <summary>
            Configuration for Media Retention Guardian.
            </summary>
        </member>
        <member name="M:MediaRetentionGuardian.Configuration.PluginConfiguration.#ctor">
            <summary>
            Initializes a new instance of the <see cref="T:MediaRetentionGuardian.Configuration.PluginConfiguration"/> class.
            </summary>
        </member>
        <member name="P:MediaRetentionGuardian.Configuration.PluginConfiguration.EnableRetention">
            <summary>
            Gets or sets a value indicating whether automatic retention is enabled.
            </summary>
        </member>
        <member name="P:MediaRetentionGuardian.Configuration.PluginConfiguration.EnableDiskThreshold">
            <summary>
            Gets or sets a value indicating whether retention should consider disk free space thresholds.
            </summary>
        </member>
        <member name="P:MediaRetentionGuardian.Configuration.PluginConfiguration.RetentionPath">
            <summary>
            Gets or sets the path that will be processed by the retention job.
            </summary>
        </member>
        <member name="P:MediaRetentionGuardian.Configuration.PluginConfiguration.RetentionDays">
            <summary>
            Gets or sets the retention duration in days.
            </summary>
        </member>
        <member name="P:MediaRetentionGuardian.Configuration.PluginConfiguration.RetentionTargets">
            <summary>
            Gets or sets the list of retention targets.
            </summary>
        </member>
        <member name="P:MediaRetentionGuardian.Configuration.PluginConfiguration.LastRunDeletedCount">
            <summary>
            Gets or sets the number of files deleted during the last run.
            </summary>
        </member>
        <member name="P:MediaRetentionGuardian.Configuration.PluginConfiguration.LastRunUtc">
            <summary>
            Gets or sets the timestamp of the last run (UTC string).
            </summary>
        </member>
        <member name="P:MediaRetentionGuardian.Configuration.PluginConfiguration.LastRunTriggeredByDiskThreshold">
            <summary>
            Gets or sets a value indicating whether the last run was triggered by disk threshold conditions.
            </summary>
        </member>
        <member name="T:MediaRetentionGuardian.Configuration.RetentionTarget">
            <summary>
            Represents a single retention target entry.
            </summary>
        </member>
        <member name="P:MediaRetentionGuardian.Configuration.RetentionTarget.Path">
            <summary>
            Gets or sets the filesystem path monitored for retention.
            </summary>
        </member>
        <member name="P:MediaRetentionGuardian.Configuration.RetentionTarget.Days">
            <summary>
            Gets or sets the number of days to keep files within the path.
            </summary>
        </member>
        <member name="P:MediaRetentionGuardian.Configuration.RetentionTarget.TriggerFreeSpacePercent">
            <summary>
            Gets or sets the free disk space percentage threshold that must be reached before cleanup runs.
            </summary>
        </member>
        <member name="T:MediaRetentionGuardian.Controllers.DriveInfoController">
            <summary>
            Provides drive information for the configuration UI.
            </summary>
        </member>
        <member name="M:MediaRetentionGuardian.Controllers.DriveInfoController.Get(System.String)">
            <summary>
            Gets the drive information for the provided path.
            </summary>
            <param name="path">The filesystem path.</param>
            <returns>Drive information for the path.</returns>
        </member>
        <member name="T:MediaRetentionGuardian.Controllers.DriveInfoResponse">
            <summary>
            DTO returned by the drive info endpoint.
            </summary>
        </member>
        <member name="P:MediaRetentionGuardian.Controllers.DriveInfoResponse.RootPath">
            <summary>
            Gets or sets the resolved root path.
            </summary>
        </member>
        <member name="P:MediaRetentionGuardian.Controllers.DriveInfoResponse.AvailableBytes">
            <summary>
            Gets or sets the available free space in bytes.
            </summary>
        </member>
        <member name="P:MediaRetentionGuardian.Controllers.DriveInfoResponse.TotalBytes">
            <summary>
            Gets or sets the total size in bytes.
            </summary>
        </member>
        <member name="T:MediaRetentionGuardian.Plugin">
            <summary>
            Main entry point for the Media Retention Guardian plugin.
            </summary>
        </member>
        <member name="M:MediaRetentionGuardian.Plugin.#ctor(MediaBrowser.Common.Configuration.IApplicationPaths,MediaBrowser.Model.Serialization.IXmlSerializer)">
            <summary>
            Initializes a new instance of the <see cref="T:MediaRetentionGuardian.Plugin"/> class.
            </summary>
            <param name="applicationPaths">Provides application directories.</param>
            <param name="xmlSerializer">Serializer used for configuration.</param>
        </member>
        <member name="P:MediaRetentionGuardian.Plugin.Instance">
            <summary>
            Gets the current plugin instance.
            </summary>
        </member>
        <member name="P:MediaRetentionGuardian.Plugin.Name">
            <inheritdoc />
        </member>
        <member name="P:MediaRetentionGuardian.Plugin.Description">
            <inheritdoc />
        </member>
        <member name="P:MediaRetentionGuardian.Plugin.Id">
            <inheritdoc />
        </member>
        <member name="M:MediaRetentionGuardian.Plugin.GetPages">
            <inheritdoc />
        </member>
        <member name="M:MediaRetentionGuardian.Plugin.GetPluginInfo">
            <inheritdoc />
        </member>
        <member name="M:MediaRetentionGuardian.Plugin.OpenThumbImage">
            <summary>
            Opens the bundled thumbnail image if present.
            </summary>
            <returns>Stream of the thumbnail image or null.</returns>
        </member>
        <member name="T:MediaRetentionGuardian.PluginServiceRegistrator">
            <summary>
            Registers plugin services with the Jellyfin host.
            </summary>
        </member>
        <member name="M:MediaRetentionGuardian.PluginServiceRegistrator.RegisterServices(Microsoft.Extensions.DependencyInjection.IServiceCollection,MediaBrowser.Controller.IServerApplicationHost)">
            <inheritdoc />
        </member>
        <member name="T:MediaRetentionGuardian.ScheduledTasks.RetentionTask">
            <summary>
            Scheduled task that performs retention clean-up for configured targets.
            </summary>
        </member>
        <member name="M:MediaRetentionGuardian.ScheduledTasks.RetentionTask.#ctor(Microsoft.Extensions.Logging.ILogger{MediaRetentionGuardian.ScheduledTasks.RetentionTask})">
            <summary>
            Initializes a new instance of the <see cref="T:MediaRetentionGuardian.ScheduledTasks.RetentionTask"/> class.
            </summary>
            <param name="logger">Typed logger.</param>
        </member>
        <member name="P:MediaRetentionGuardian.ScheduledTasks.RetentionTask.Key">
            <inheritdoc />
        </member>
        <member name="P:MediaRetentionGuardian.ScheduledTasks.RetentionTask.Name">
            <inheritdoc />
        </member>
        <member name="P:MediaRetentionGuardian.ScheduledTasks.RetentionTask.Description">
            <inheritdoc />
        </member>
        <member name="P:MediaRetentionGuardian.ScheduledTasks.RetentionTask.Category">
            <inheritdoc />
        </member>
        <member name="M:MediaRetentionGuardian.ScheduledTasks.RetentionTask.GetDefaultTriggers">
            <inheritdoc />
        </member>
        <member name="M:MediaRetentionGuardian.ScheduledTasks.RetentionTask.ExecuteAsync(System.IProgress{System.Double},System.Threading.CancellationToken)">
            <inheritdoc />
        </member>
        <member name="T:MediaRetentionGuardian.Services.RetentionCleanupResult">
            <summary>
            Represents a summary of a retention clean-up execution.
            </summary>
        </member>
        <member name="M:MediaRetentionGuardian.Services.RetentionCleanupResult.#ctor(System.Int32,System.String,System.Collections.Generic.IReadOnlyList{MediaRetentionGuardian.Services.RetentionTargetResult})">
            <summary>
            Initializes a new instance of the <see cref="T:MediaRetentionGuardian.Services.RetentionCleanupResult"/> class.
            </summary>
            <param name="deletedFiles">Number of deleted files.</param>
            <param name="timestampUtc">Timestamp of execution in ISO format.</param>
            <param name="targets">Results for each processed target.</param>
        </member>
        <member name="P:MediaRetentionGuardian.Services.RetentionCleanupResult.DeletedFiles">
            <summary>
            Gets the total number of deleted files.
            </summary>
        </member>
        <member name="P:MediaRetentionGuardian.Services.RetentionCleanupResult.TimestampUtc">
            <summary>
            Gets the execution timestamp in ISO format.
            </summary>
        </member>
        <member name="P:MediaRetentionGuardian.Services.RetentionCleanupResult.TargetResults">
            <summary>
            Gets the per-target results.
            </summary>
        </member>
        <member name="T:MediaRetentionGuardian.Services.RetentionCleanupService">
            <summary>
            Provides retention clean-up logic for configured targets.
            </summary>
        </member>
        <member name="M:MediaRetentionGuardian.Services.RetentionCleanupService.#ctor(Microsoft.Extensions.Logging.ILogger)">
            <summary>
            Initializes a new instance of the <see cref="T:MediaRetentionGuardian.Services.RetentionCleanupService"/> class.
            </summary>
            <param name="logger">Logger instance.</param>
        </member>
        <member name="M:MediaRetentionGuardian.Services.RetentionCleanupService.ExecuteAsync(System.Threading.CancellationToken)">
            <summary>
            Executes the retention clean-up process.
            </summary>
            <param name="cancellationToken">Cancellation token.</param>
            <returns>A result summary.</returns>
        </member>
        <member name="T:MediaRetentionGuardian.Services.RetentionTargetResult">
            <summary>
            Represents the result of handling a single retention target.
            </summary>
        </member>
        <member name="M:MediaRetentionGuardian.Services.RetentionTargetResult.#ctor(System.String,System.Int32)">
            <summary>
            Initializes a new instance of the <see cref="T:MediaRetentionGuardian.Services.RetentionTargetResult"/> class.
            </summary>
            <param name="path">Target path.</param>
            <param name="days">Retention days.</param>
        </member>
        <member name="P:MediaRetentionGuardian.Services.RetentionTargetResult.Path">
            <summary>
            Gets the path processed.
            </summary>
        </member>
        <member name="P:MediaRetentionGuardian.Services.RetentionTargetResult.Days">
            <summary>
            Gets the retention days applied.
            </summary>
        </member>
        <member name="P:MediaRetentionGuardian.Services.RetentionTargetResult.DeletedFiles">
            <summary>
            Gets or sets the number of deleted files.
            </summary>
        </member>
        <member name="P:MediaRetentionGuardian.Services.RetentionTargetResult.Errors">
            <summary>
            Gets the list of errors encountered.
            </summary>
        </member>
        <member name="P:MediaRetentionGuardian.Services.RetentionTargetResult.Threshold">
            <summary>
            Gets or sets the free space threshold applied, if any.
            </summary>
        </member>
        <member name="P:MediaRetentionGuardian.Services.RetentionTargetResult.ThresholdSatisfied">
            <summary>
            Gets or sets a value indicating whether the threshold condition was satisfied (cleanup executed under the threshold).
            </summary>
        </member>
    </members>
</doc>
